                  epoch,         train/box_loss,         train/cls_loss,         train/dfl_loss,   metrics/precision(B),      metrics/recall(B),       metrics/mAP50(B),    metrics/mAP50-95(B),           val/box_loss,           val/cls_loss,           val/dfl_loss,                 lr/pg0,                 lr/pg1,                 lr/pg2
                      1,                 1.5965,                 2.1812,                 1.1434,                0.52229,                0.25277,                0.23965,                0.13042,                 1.4391,                 1.3409,                 1.0784,             0.00025523,             0.00025523,             0.00025523
                      2,                 1.4691,                 1.3925,                 1.1089,                0.46462,                0.27921,                0.27179,                0.15036,                 1.4039,                 1.2533,                 1.0907,              0.0005065,              0.0005065,              0.0005065
                      3,                 1.4054,                 1.2421,                 1.0894,                0.38561,                0.26737,                0.25443,                0.14006,                 1.4255,                 1.2968,                 1.1009,             0.00075269,             0.00075269,             0.00075269
                      4,                   1.36,                 1.1387,                 1.0733,                0.43454,                0.27938,                0.25098,                0.14048,                 1.3597,                 1.1886,                 1.0934,             0.00074616,             0.00074616,             0.00074616
                      5,                 1.3387,                 1.0781,                 1.0716,                0.43447,                  0.301,                0.26067,                0.14253,                 1.3595,                 1.1909,                   1.09,             0.00073855,             0.00073855,             0.00073855
